Date,Search,Interest_MA4,is_fashion_week
2020-01-19,57.0,61.5,False
2020-01-26,53.0,57.5,False
2020-02-02,54.0,55.25,False
2020-02-09,54.0,54.5,True
2020-02-16,51.0,53.0,True
2020-02-23,48.0,51.75,False
2020-03-01,47.0,50.0,False
2020-03-08,40.0,46.5,False
2020-03-15,33.0,42.0,False
2020-03-22,35.0,38.75,False
2020-03-29,36.0,36.0,False
2020-04-05,39.0,35.75,False
2020-04-12,44.0,38.5,False
2020-04-19,44.0,40.75,False
2020-04-26,46.0,43.25,False
2020-05-03,46.0,45.0,False
2020-05-10,49.0,46.25,False
2020-05-17,53.0,48.5,False
2020-05-24,55.0,50.75,False
2020-05-31,55.0,53.0,False
2020-06-07,53.0,54.0,False
2020-06-14,55.0,54.5,False
2020-06-21,58.0,55.25,False
2020-06-28,62.0,57.0,False
2020-07-05,58.0,58.25,False
2020-07-12,59.0,59.25,False
2020-07-19,53.0,58.0,False
2020-07-26,57.0,56.75,False
2020-08-02,54.0,55.75,False
2020-08-09,52.0,54.0,False
2020-08-16,51.0,53.5,False
2020-08-23,52.0,52.25,False
2020-08-30,59.0,53.5,False
2020-09-06,54.0,54.0,False
2020-09-13,52.0,54.25,True
2020-09-20,54.0,54.75,True
2020-09-27,59.0,54.75,False
2020-10-04,54.0,54.75,False
2020-10-11,56.0,55.75,False
2020-10-18,54.0,55.75,False
2020-10-25,53.0,54.25,False
2020-11-01,52.0,53.75,False
2020-11-08,63.0,55.5,False
2020-11-15,67.0,58.75,False
2020-11-22,100.0,70.5,False
2020-11-29,84.0,78.5,False
2020-12-06,83.0,83.5,False
2020-12-13,77.0,86.0,False
2020-12-20,77.0,80.25,False
2020-12-27,70.0,76.75,False
2021-01-03,62.0,71.5,False
2021-01-10,59.0,67.0,False
2021-01-17,57.0,62.0,False
2021-01-24,54.0,58.0,False
2021-01-31,56.0,56.5,False
2021-02-07,56.0,55.75,False
2021-02-14,52.0,54.5,True
2021-02-21,50.0,53.5,True
2021-02-28,51.0,52.25,False
2021-03-07,51.0,51.0,False
2021-03-14,50.0,50.5,False
2021-03-21,50.0,50.5,False
2021-03-28,53.0,51.0,False
2021-04-04,53.0,51.5,False
2021-04-11,51.0,51.75,False
2021-04-18,52.0,52.25,False
2021-04-25,50.0,51.5,False
2021-05-02,53.0,51.5,False
2021-05-09,52.0,51.75,False
2021-05-16,49.0,51.0,False
2021-05-23,51.0,51.25,False
2021-05-30,53.0,51.25,False
2021-06-06,56.0,52.25,False
2021-06-13,54.0,53.5,False
2021-06-20,51.0,53.5,False
2021-06-27,55.0,54.0,False
2021-07-04,59.0,54.75,False
2021-07-11,57.0,55.5,False
2021-07-18,55.0,56.5,False
2021-07-25,54.0,56.25,False
2021-08-01,50.0,54.0,False
2021-08-08,49.0,52.0,False
2021-08-15,52.0,51.25,False
2021-08-22,51.0,50.5,False
2021-08-29,50.0,50.5,False
2021-09-05,48.0,50.25,False
2021-09-12,50.0,49.75,True
2021-09-19,49.0,49.25,True
2021-09-26,51.0,49.5,False
2021-10-03,53.0,50.75,False
2021-10-10,52.0,51.25,False
2021-10-17,52.0,52.0,False
2021-10-24,51.0,52.0,False
2021-10-31,56.0,52.75,False
2021-11-07,61.0,55.0,False
2021-11-14,64.0,58.0,False
2021-11-21,91.0,68.0,False
2021-11-28,77.0,73.25,False
2021-12-05,79.0,77.75,False
2021-12-12,75.0,80.5,False
2021-12-19,73.0,76.0,False
2021-12-26,72.0,74.75,False
2022-01-02,61.0,70.25,False
2022-01-09,56.0,65.5,False
2022-01-16,49.0,59.5,False
2022-01-23,50.0,54.0,False
2022-01-30,54.0,52.25,False
2022-02-06,51.0,51.0,False
2022-02-13,48.0,50.75,True
2022-02-20,42.0,48.75,True
2022-02-27,43.0,46.0,False
2022-03-06,42.0,43.75,False
2022-03-13,43.0,42.5,False
2022-03-20,45.0,43.25,False
2022-03-27,44.0,43.5,False
2022-04-03,45.0,44.25,False
2022-04-10,48.0,45.5,False
2022-04-17,49.0,46.5,False
2022-04-24,48.0,47.5,False
2022-05-01,46.0,47.75,False
2022-05-08,47.0,47.5,False
2022-05-15,44.0,46.25,False
2022-05-22,44.0,45.25,False
2022-05-29,47.0,45.5,False
2022-06-05,46.0,45.25,False
2022-06-12,47.0,46.0,False
2022-06-19,48.0,47.0,False
2022-06-26,48.0,47.25,False
2022-07-03,50.0,48.25,False
2022-07-10,47.0,48.25,False
2022-07-17,43.0,47.0,False
2022-07-24,46.0,46.5,False
2022-07-31,45.0,45.25,False
2022-08-07,47.0,45.25,False
2022-08-14,45.0,45.75,False
2022-08-21,44.0,45.25,False
2022-08-28,43.0,44.75,False
2022-09-04,43.0,43.75,False
2022-09-11,44.0,43.5,True
2022-09-18,46.0,44.0,True
2022-09-25,48.0,45.25,False
2022-10-02,46.0,46.0,False
2022-10-09,46.0,46.5,False
2022-10-16,42.0,45.5,False
2022-10-23,43.0,44.25,False
2022-10-30,45.0,44.0,False
2022-11-06,49.0,44.75,False
2022-11-13,61.0,49.5,False
2022-11-20,77.0,58.0,False
2022-11-27,63.0,62.5,False
2022-12-04,62.0,65.75,False
2022-12-11,68.0,67.5,False
2022-12-18,60.0,63.25,False
2022-12-25,64.0,63.5,False
2023-01-01,52.0,61.0,False
2023-01-08,47.0,55.75,False
2023-01-15,48.0,52.75,False
2023-01-22,47.0,48.5,False
2023-01-29,44.0,46.5,False
2023-02-05,42.0,45.25,False
2023-02-12,41.0,43.5,True
2023-02-19,39.0,41.5,True
2023-02-26,37.0,39.75,False
2023-03-05,40.0,39.25,False
2023-03-12,40.0,39.0,False
2023-03-19,41.0,39.5,False
2023-03-26,40.0,40.25,False
2023-04-02,40.0,40.25,False
2023-04-09,43.0,41.0,False
2023-04-16,42.0,41.25,False
2023-04-23,42.0,41.75,False
2023-04-30,45.0,43.0,False
2023-05-07,41.0,42.5,False
2023-05-14,40.0,42.0,False
2023-05-21,41.0,41.75,False
2023-05-28,46.0,42.0,False
2023-06-04,44.0,42.75,False
2023-06-11,44.0,43.75,False
2023-06-18,43.0,44.25,False
2023-06-25,47.0,44.5,False
2023-07-02,48.0,45.5,False
2023-07-09,46.0,46.0,False
2023-07-16,43.0,46.0,False
2023-07-23,46.0,45.75,False
2023-07-30,43.0,44.5,False
2023-08-06,42.0,43.5,False
2023-08-13,40.0,42.75,False
2023-08-20,40.0,41.25,False
2023-08-27,43.0,41.25,False
2023-09-03,41.0,41.0,False
2023-09-10,38.0,40.5,False
2023-09-17,39.0,40.25,False
2023-09-24,39.0,39.25,False
2023-10-01,40.0,39.0,False
2023-10-08,42.0,40.0,False
2023-10-15,44.0,41.25,False
2023-10-22,45.0,42.75,False
2023-10-29,45.0,44.0,False
2023-11-05,49.0,45.75,False
2023-11-12,55.0,48.5,False
2023-11-19,77.0,56.5,False
2023-11-26,66.0,61.75,False
2023-12-03,60.0,64.5,False
2023-12-10,64.0,66.75,False
2023-12-17,59.0,62.25,False
2023-12-24,60.0,60.75,False
2023-12-31,47.0,57.5,False
